VehicleType,Capacity,Range
Gas Car,197.88170950840438,145.85207096486445
EV,135.54452491441663,1304.605971281605
EV,114.38031900663994,953.1726086101639
drone,52.63370252405913,17.302304187458727
drone,36.24420491252038,16.627680130757895
drone,36.2926584575003,13.602810739289229
