VehicleType,Capacity,Range
Gas Car,131.9211396722696,145.85207096486445
EV,108.4356199315333,1304.605971281605
EV,91.50425520531195,953.1726086101639
drone,32.896064077536955,17.302304187458727
drone,22.65262807032524,16.627680130757895
drone,22.682911535937688,13.602810739289229
