VehicleType,Capacity,Range
Gas Car,549.6714153011233,77.78777118126105
drone,28.23844269050346,19.569089569224076
